{"means": [2.1813948589147123, 1.0682631433026082, -10.063668825919391, -7.675875228668657, -2.3513888411019948, -2.2491906277353637, -2.134701882018057, -2.1026301077404663, -6.998432180725031, 4.286990084814213, 4.653189458224388, 4.17703786233609, -8.873779831441993, 1550896.9745524924, 119887.7474359104, 68070.24283990705, 6337322.213344123, 1.5424700267080145, 0.04970730328813687, 0.47018069363749343], "stds": [0.9752684192911187, 0.3226024041288607, 5.625887686938486, 4.469482203596794, 1.938237147598338, 1.4086802916038244, 1.1851942459696017, 0.897154035479877, 4.860007065082623, 2.3001530745902348, 2.6445566042574424, 2.3055736435435836, 4.716889047326929, 5514369.681924002, 1489811.4595596562, 1244175.1616895502, 11193586.987616474, 0.7689918178386781, 0.217339566796437, 0.4991100168924202]}