{"means": [2.385452862315401, 1.127135248377319, -10.187371091726376, -7.464054580372056, -2.6197991207560567, -2.447862794353611, -2.268402244544332, -2.2160300026841604, -7.767730275207045, 4.7717857604556215, 4.599179769416853, 4.683151804036183, -8.832677700650923, 1089383.2216504514, 148176.3676501176, 108346.94318952401, 4805228.585912954, 1.6223323040885205, 0.048331783295483384, 0.4490311023161514], "stds": [1.1127303213884205, 0.4404879489981158, 5.321662499639652, 3.9280880050555886, 2.5094535603878128, 1.8218199874711398, 1.6299096765137784, 1.277655976156601, 4.985265960308226, 2.896654191266042, 2.597463620677243, 2.9384072163846064, 4.301146868131206, 3924700.574031806, 1603686.8655287803, 1398440.3596056083, 9181924.717791792, 0.8364977633934134, 0.21446636569494915, 0.4973953874524136]}