{"means": [2.116371341727404, 1.0588856768628776, -10.165724934345537, -7.564526350247986, -2.2964266688076624, -2.214289795044383, -2.1048523871248124, -2.0865588615494994, -7.164203805775469, 4.181525908696604, 4.726707819867855, 4.026946523876378, -8.868075380591351, 1256809.0529928876, 111398.79728409045, 79421.03630088548, 5887301.025890111, 1.5146876562064537, 0.04569325965183099, 0.4865465382221548], "stds": [0.9640400298060804, 0.30026866487599374, 5.817733979511182, 4.490083445706146, 1.831188326747079, 1.328011305833486, 1.069918809457161, 0.8422162813277567, 5.021453061249239, 2.3339605683501827, 2.7373926103852533, 2.3684589033341035, 4.850119245894204, 4481059.444969549, 1484973.427770436, 1287493.8976316014, 9599443.73278025, 0.747653151185378, 0.20881902614763864, 0.49981897159179495]}