{"means": [2.1030699149298617, 1.060285022699898, -9.889194734515385, -7.492118361427248, -2.29948161816297, -2.21540096369863, -2.102884692733314, -2.0845830278412647, -7.160530011619169, 4.138389314330142, 4.672796805699346, 3.991042150911017, -8.691998544709183, 1718163.1534880449, 154291.16925271612, 104976.52547167246, 7108236.446359783, 1.506127348543138, 0.048435680936516824, 0.4996626235200754], "stds": [0.9987281651221459, 0.30224564090591677, 5.6504719491990745, 4.4541914517065635, 1.810489420212243, 1.3181334845962613, 1.0397106792437034, 0.8244486225468083, 5.005797133069252, 2.430144774196851, 2.7351716872824943, 2.4598726857783833, 4.720080099260176, 6304471.46918534, 2067651.8525513585, 1741141.7897054467, 12529323.075393686, 0.7627819684838283, 0.21468503847973822, 0.4999998862006074]}