{"means": [2.0360964133670567, 1.0623621983345195, -9.621332755890426, -7.25540447381223, -2.2821397273349326, -2.1959094302191624, -2.1197442644162323, -2.0896765746878354, -6.687563181973193, 4.023795002725862, 4.499139168757881, 3.880339359360109, -8.44126966321881, 996637.4950379956, 82295.82007815523, 72025.13828711853, 7141860.469696951, 1.4752989604271487, 0.05141505507904998, 0.47027333524767884], "stds": [0.8671048743249645, 0.31413278161430347, 5.634078179954042, 4.522160385412772, 1.7386033172621673, 1.2580674350463001, 1.113730217179369, 0.8358078145297904, 5.06624390718433, 2.195023961441985, 2.5934728377716536, 2.2092004425525515, 4.782274059364233, 3999184.539376064, 1290952.6180532023, 1251794.6266460472, 10245166.178228157, 0.7313430488980933, 0.22084281105372763, 0.4991155431274581]}