{"means": [2.1735036489656436, 1.067037353963006, -10.01496797704781, -7.6537718152062695, -2.3415000215409973, -2.2524544040807113, -2.1206054977049367, -2.0983637904057217, -7.041492384817128, 4.289423202399812, 4.703508513878137, 4.167793430673234, -8.837224289024013, 1614730.9256517056, 139121.2820960781, 99785.42742507605, 9668664.791263254, 1.5319656847250052, 0.05227872920440785, 0.4856677912796435], "stds": [1.0220163458048819, 0.31788983873894894, 5.717060951354623, 4.554289189222022, 1.9266170962919495, 1.4379705677654557, 1.1280065931130328, 0.892984889392354, 5.0822578603025566, 2.4686024534218336, 2.809376838612626, 2.4803698948290918, 4.813849634339038, 6630710.616232157, 2083985.8185317041, 1892381.2068148474, 16854435.678539693, 0.781146489630721, 0.22258855242075348, 0.4997945455413084]}