{"means": [2.1154438640422977, 1.05066188203997, -10.606633521051167, -7.880174680604151, -2.265874608961952, -2.1822630534287835, -2.1027696699383855, -2.0761289091952855, -6.8052880434253025, 3.9912273163633913, 4.2978728197135885, 3.8268187013351866, -9.24812137898355, 871324.4612539364, 74825.86610468135, 47273.59010915056, 7097325.179878962, 1.5515291537780609, 0.03942424897695763, 0.4478181833764915], "stds": [0.8536551395871019, 0.2805486274814585, 5.555337378943272, 4.461159115536162, 1.7066276960440283, 1.2053782942845301, 1.0359198708552766, 0.7656877470099546, 4.737430947721148, 1.9129800068794902, 2.2442810752776943, 1.9360687267788537, 4.684053748205573, 4413188.568798387, 1449992.3196559239, 1160094.797566446, 13036014.354285238, 0.6945702250887312, 0.19460210060137856, 0.49726960289335964]}