{"means": [2.4434734619295178, 1.1809851020550262, -9.665256734432074, -7.319666371121641, -2.8971119843373563, -2.6682922208112463, -2.3809494039413854, -2.3049239938581447, -8.11990072453042, 5.510733309129249, 5.278228323253825, 5.469577145542801, -8.505590684338715, 838817.7774676975, 133752.64065452982, 89597.61275694043, 2498909.3100387678, 1.6128550104939623, 0.09345159349075935, 0.40007609365985636], "stds": [1.1120390428411446, 0.5108491483749579, 5.4742682582728985, 4.1440251492499955, 3.0155601987965808, 2.265455121832356, 1.9718337636371022, 1.5527339898772625, 5.301295459622705, 3.120023310504273, 2.659886830071229, 3.1043911035550207, 4.481053503186243, 2600012.1198549494, 1110952.2788463181, 946606.2231329501, 4676707.572512762, 0.9274732796504253, 0.29106424232626443, 0.4899134749449213]}