{"means": [2.9465908128859835, 1.216737009801383, -10.72048762225777, -7.283145368447322, -3.155103710868468, -2.7518110708224826, -2.509513676292426, -2.3540695941262326, -8.815841939597703, 6.53189627492581, 6.05759281752598, 6.437997777871712, -9.007314085955349, 529177.2740787251, 127912.82742841978, 93359.09659175685, 3242685.7409177013, 1.7854841387125373, 0.07798416180721904, 0.30683482207717205], "stds": [1.2456090153877286, 0.557347035506611, 5.184553614619859, 3.7837805958020763, 3.3627353642971287, 2.278117454644929, 2.2566282697117725, 1.6036320113086162, 5.107857693826009, 3.7154539211841886, 3.2551523240490483, 3.670516606381257, 4.205942871611232, 3377364.7161602504, 1729128.15618475, 1520327.426267277, 8812633.152783843, 0.9370552896741173, 0.2681466619393483, 0.4611802402927479]}