{"means": [2.0760077291606795, 1.1093599905560951, -9.570443691872295, -7.299126798649827, -2.545562799650117, -2.3926700327809884, -2.1953448056910525, -2.162433730976626, -7.767688689859961, 4.161354944325052, 4.77538198745838, 4.043636529137433, -8.430019818426414, 1467706.4072227383, 191448.83222163594, 141851.14712892493, 6156817.6879116595, 1.4996078077198232, 0.04770579961001225, 0.5424847709924207], "stds": [1.0271378827665614, 0.40190464159457884, 5.4038820044419325, 4.33876272942173, 2.4139268785727026, 1.7794707702688233, 1.4218410282533238, 1.1571317156885677, 5.198206020059132, 2.591427598461477, 2.662655330272755, 2.6392907622221244, 4.519807856844053, 5586653.5471730605, 2194876.8748951247, 1942156.4801622496, 12821901.493058512, 0.776727038863576, 0.21314304185269708, 0.49819177455722957]}