{"means": [2.748535022934209, 1.1838570952559457, -10.664250043935281, -7.330630275940072, -2.9467720656108254, -2.632379858479077, -2.4410789454210216, -2.3135670794282146, -8.436602679729646, 5.685453892290391, 5.180274237438738, 5.576607556888389, -9.00748836267174, 801689.7684857761, 168116.47993721106, 117101.67138191234, 4043403.9726186013, 1.8619920307662405, 0.05234478042956114, 0.3162609160453719], "stds": [1.1119875956209782, 0.52345231104014, 5.407245905308941, 3.93158727869161, 3.0797704569617284, 2.120299127423557, 2.092704490549721, 1.5058849168660424, 5.262041977450933, 3.297942859053408, 2.8707057680499175, 3.305627745791591, 4.3909486585806565, 3689023.057676561, 1825974.9206576406, 1522610.2870592945, 8095915.840112063, 0.8646585168647596, 0.22272136043770926, 0.4650160739539236]}