{"means": [2.6794251271535945, 1.2295700811492325, -9.84904758889951, -6.995623356225889, -3.0299096544794213, -2.7162436406669324, -2.512857704196725, -2.391166162963629, -7.489747221054827, 5.919365656625877, 5.471796407429037, 5.812994174978287, -8.454610620797055, 775264.3136698991, 169306.6139204334, 170439.4724836489, 3201727.083627475, 1.722679374491039, 0.08728698157103505, 0.2796690618043069], "stds": [1.1061885811786059, 0.5863807644974273, 5.422834540847771, 3.882406346234437, 3.1064331553234643, 2.1992567929137135, 2.1638277996003423, 1.601459324137216, 4.924375171470947, 3.5527241251474564, 2.204688555358628, 3.5098862545610228, 4.314150316135166, 3054138.3063093927, 1542240.610001329, 1604544.1119949657, 6601235.037311051, 0.9126233878376818, 0.2822551406452801, 0.4488365823762189]}