{"means": [2.3741753754155996, 1.3129686105922909, -8.038302041838927, -7.1525324696518, -3.3106034958275696, -3.1513931110380153, -2.5337833120300295, -2.5003909766962042, -7.408560554172164, 4.9285873199239445, 4.264245341512811, 4.9293820513781075, -7.644399180087501, 3101877.92979337, 576989.077199426, 323136.00797063275, 7243164.1450864645, 1.5847998339435576, 0.10270766803084735, 0.4533998374604068], "stds": [1.204955280832762, 0.6376948039874923, 4.552991811941531, 3.8638440027202594, 3.2147196463641374, 2.7660983302684947, 2.0889152742602515, 1.881918428146204, 4.9840475362313965, 3.186889867822953, 2.2814812807822475, 3.1479898329702696, 3.7448186604153535, 8076547.48236673, 3833049.14695872, 2887234.1498847147, 13088746.085479874, 0.9990723297301592, 0.3035766838198693, 0.4978236885202208]}