{"means": [1.902168233168325, 1.0602499561089274, -10.193402257411696, -7.67026534722278, -2.3120737422916453, -2.2274012485580266, -2.1065282452623904, -2.0895070845456116, -7.163842947071179, 3.5231293006778186, 4.1746371907976245, 3.365606788441355, -8.92955585477955, 903558.529211576, 70705.10604768032, 48239.240689872444, 5209290.172171607, 1.4351702130040853, 0.03272144194576684, 0.6100372994770991], "stds": [0.8946334490826164, 0.3021137452737903, 5.790914319496855, 4.486352848529406, 1.8699365905883907, 1.363683492887864, 1.062281831895907, 0.8599794411180699, 5.012619732235183, 2.08483497845799, 2.50442080567507, 2.133521852046407, 4.8136545964005055, 4562904.113695325, 1317167.441961843, 1183633.8338830557, 12100264.09226748, 0.6910335797874766, 0.17790657432090592, 0.4877415224639042]}