{"means": [2.1151337740768423, 1.0807980002749882, -9.965589692943144, -7.391546964765213, -2.416518495553041, -2.31003814855935, -2.1326607219381604, -2.1141869776281066, -8.035851303409046, 4.111130117013367, 4.80215702871933, 3.9705321087884813, -8.67826973113849, 1032258.2901394881, 120735.6246892535, 66004.71361520933, 4018674.7366832704, 1.5656171987559062, 0.04774043715312871, 0.512778319717505], "stds": [0.9792606612671675, 0.34301294081829603, 5.55360933437826, 4.218658991472292, 2.1283690617651043, 1.585773327224874, 1.1702981335020968, 0.9766254136846344, 5.18554864563803, 2.5728073902040363, 2.8922004422387912, 2.595636275492919, 4.55896507369994, 4388128.838367853, 1601483.2824623608, 1186601.1506450986, 8439025.149606071, 0.7511510061625845, 0.21321652800633262, 0.4998366878675235]}