{"means": [2.227816921211927, 1.149238933043282, -10.304118801299177, -7.21998037080452, -2.7571569255643285, -2.5187497784209723, -2.3357390022686784, -2.2464377687720196, -8.233181749959781, 4.735154344251607, 5.048591763748024, 4.637621371574324, -8.773382792827102, 617874.1609483282, 78997.47408321327, 67425.83415983678, 3152259.5446886322, 1.5415025784999379, 0.06061681248747722, 0.46333489172367515], "stds": [1.0393830702329538, 0.4734152251979326, 5.905756674607962, 4.255934006441283, 2.862700720211786, 2.0162161947760646, 1.886149019993312, 1.3983035168644475, 5.503472435028776, 3.0082017850539966, 2.6570273174307313, 3.0128779072871854, 4.812019494294605, 3263367.570725123, 1194429.2503372012, 1179296.2533033914, 8081566.295876353, 0.8303810751463881, 0.2386260977459546, 0.49865385772403464]}