{"means": [2.1172494263557575, 1.111619792407968, -9.64385837790747, -7.37035953722376, -2.5009405742749933, -2.352318628988339, -2.223703653393695, -2.1707976690763977, -6.742382120394354, 4.15495890771, 4.357701573574497, 4.043572911745881, -8.510553005187987, 1235172.6260853743, 164371.60527214257, 125390.85416122743, 6694796.02467775, 1.5084386654348876, 0.04841823935342076, 0.4970907514405441], "stds": [1.0032947477767655, 0.4166593422685029, 5.480950105772088, 4.430643408086198, 2.2642584024561274, 1.6572187427499303, 1.4978125648448988, 1.146223695536326, 4.876215097262317, 2.520836640042311, 2.625323464578142, 2.5368129711575325, 4.620807592867822, 4381323.604746588, 1838194.4146739605, 1592634.3648347803, 9347496.354648376, 0.7854308634334685, 0.21464834834545798, 0.4999915362022364]}