{"means": [2.4434833188344585, 1.1646339903047178, -10.245054634720098, -7.390143051680357, -2.8917915201575646, -2.6256351164398035, -2.326093600185577, -2.2425378717935303, -8.534903987602387, 5.360765037941849, 5.750349452206547, 5.285752882679372, -8.81808612453351, 365736.86484256753, 58718.16079455919, 36757.11631538483, 2194068.400108776, 1.672973464626239, 0.06151786684507984, 0.3859906844886983], "stds": [1.061769551060022, 0.47973135170813946, 5.412735699790096, 4.285196980569004, 3.0236877270797446, 2.2267700907122445, 1.8470360903537215, 1.4194075239237882, 5.416017134354406, 3.065433236417279, 2.9488116945538803, 3.0500628012302085, 4.553000943166767, 1823371.4707782527, 645463.622251536, 596263.344336914, 5029242.939838814, 0.8338110345832032, 0.24027779528328766, 0.4868283845116743]}