{"means": [1.9704084113991707, 1.0896299115101467, -9.63461834907261, -7.2576139488528035, -2.4492841202959146, -2.321205210858883, -2.1769680346358014, -2.140399056610323, -7.969113278048531, 4.083109924270072, 4.83150100899232, 3.9586024920805496, -8.449411552421441, 1219640.717167242, 100324.48011266594, 65527.3088944007, 3745284.592657473, 1.409118244707805, 0.06454668571047976, 0.5385370409824988], "stds": [0.9845745570194248, 0.3691857888382106, 5.563428274815401, 4.270886823534687, 2.2098020184207825, 1.6125152621902532, 1.3596096880739836, 1.075220860371059, 5.313086101109759, 2.6566802687066744, 2.567355182399749, 2.681062728064858, 4.595663678882145, 4368769.590400231, 1355529.271596531, 1137551.0855887446, 8117648.202502449, 0.7645106672525432, 0.24572425819832877, 0.4985126843778029]}