{"means": [2.3035847568678327, 1.2720638563922746, -8.749187873033673, -6.862974157774391, -3.1994826328915456, -2.860338270125976, -2.4767054845388055, -2.3819371621373904, -7.049709418282886, 4.613695368149933, 4.400325038830832, 4.557064407780746, -7.803623429913358, 2601488.0327199525, 627993.7174182683, 366137.46847216797, 7076497.375252751, 1.5863699573655219, 0.08752908807823362, 0.4159760603947941], "stds": [1.143078997186903, 0.6033039548346775, 4.6935011497297054, 3.49359146435575, 3.1565678049748187, 2.2525018653198914, 2.003763880043821, 1.5308224128895984, 4.562007407627914, 3.126467732883751, 2.6653352759665383, 3.106942714642827, 3.6406811603716926, 6785721.660108968, 3677551.206037687, 2798047.2921415074, 10623194.066193897, 0.9335586335289153, 0.2826088229760927, 0.49288941716940576]}