{"means": [2.297430167529496, 1.1655734716792654, -9.556255221494663, -7.145844859328066, -2.7068886399605083, -2.4943552775256714, -2.3240868711040052, -2.2496499900414637, -6.793678395765689, 4.560924534026898, 4.358483059103016, 4.461135224851605, -8.361132902761545, 1336758.246700728, 263989.02836533985, 226699.89240408913, 6896667.187100584, 1.5925644338909353, 0.053473810403589124, 0.43585466628412645], "stds": [1.0898931565896404, 0.502241632176851, 5.457908939394375, 4.379671826967715, 2.6546827829323236, 1.940808064144849, 1.7748160654911385, 1.3717656476920128, 4.783751554184664, 2.9323865845954726, 2.667315315758622, 2.949834866531609, 4.566460731855541, 4637377.869618732, 2328295.808829375, 2180965.7956406656, 9829053.229096929, 0.8392305157518615, 0.2249763587557896, 0.4958683052414793]}