{"means": [2.128150400715046, 1.1403564689838408, -8.995503596874359, -7.036083172404895, -2.633967549688884, -2.4631021358389895, -2.2560591171947837, -2.212100921051475, -7.154452166942033, 4.195663783885052, 4.486120921111377, 4.104806285104628, -8.014410204150558, 2007408.4516901923, 322429.03791610047, 292170.68772990984, 6545571.76655357, 1.5133253123148587, 0.05746569068146622, 0.48975239870220083], "stds": [1.0632923958902734, 0.45890358939958376, 5.371946907684687, 4.533366521571657, 2.523782231075179, 1.9194266875468213, 1.589037744285173, 1.3077445370621827, 5.004585295543519, 2.733378684408194, 2.5239443159396413, 2.7533392278486875, 4.5733288903658345, 6702692.143160535, 2998527.215094737, 2999617.0539776064, 12566907.058159424, 0.8175433592343043, 0.23273028395774945, 0.4998949756111957]}