{"means": [2.264900303843705, 1.21585565166511, -8.312241642442784, -6.991641155250246, -2.8946408881052355, -2.7668382426843503, -2.3294368405550094, -2.3364530206043153, -7.115941936800013, 4.416596549884429, 4.764472605841408, 4.3582062527201995, -7.655560262384863, 2340067.3117102394, 585377.0196807254, 434898.5179641926, 6693872.964352199, 1.564925028617687, 0.07116596532270834, 0.5030687284200448], "stds": [1.2249859387739706, 0.5505556877750925, 5.1561303947413775, 4.257662497820386, 2.887872515972038, 2.3951766063607196, 1.733403130110284, 1.6189006615676824, 5.1829964228922805, 3.1930156150558258, 2.774621976774707, 3.213702794292015, 4.315791450450576, 6719437.965528893, 3739111.2393939025, 3275422.060496505, 11991959.553234782, 0.910092188980115, 0.25710186833328563, 0.4999905828234459]}