{"means": [2.3387099238186657, 1.1123052396193536, -10.305248863651368, -7.287281295827035, -2.5978601691388374, -2.381692067126238, -2.217484318233799, -2.158179751806469, -7.355750284702705, 4.813387580383775, 5.421147831798628, 4.765974928472545, -8.79590141297719, 511720.2231826377, 62677.42489452545, 63990.74069806464, 3342579.6094465563, 1.6271542939670476, 0.060134872190181, 0.4242871512849037], "stds": [0.9044912722549457, 0.4094324904291955, 5.7949467587971775, 4.348749240253062, 2.5643149710854534, 1.70357375624269, 1.503290449865306, 1.0867103011695325, 5.1178516074546465, 2.3454583500348014, 2.197878653627225, 2.3123187739982614, 4.77467298708897, 2531784.6458480577, 920099.6479060624, 1016867.6015504886, 6838174.112286136, 0.767303062448076, 0.2377365544857281, 0.4942343215022587]}