{"means": [2.157615968071456, 1.088131709945253, -10.002913436222004, -7.632771406844245, -2.448609140157102, -2.3209992112482527, -2.1896068364920325, -2.1320890454104195, -7.616277979763027, 4.267363035255483, 5.052225278510965, 4.198418917632197, -8.814078596291294, -0.00021446302879651953, 3.3461007974552157e-06, 0.00013880448234585273, -4.8569774190940206e-05, 1.5151234051327909, 0.06327641381610735, 0.3000023065090276], "stds": [0.9022524400689809, 0.365176526076426, 5.1188023782468415, 4.618259895326593, 2.109069800893081, 1.5631527484571095, 1.386026235385861, 1.0046246714444365, 5.233881265852869, 2.4342064887531616, 2.80897756918422, 2.3885100001563675, 4.4177493617080215, 0.5775073316091062, 0.5772785930189317, 0.5772347856914195, 0.577271354754234, 0.766954368926337, 0.24345946125012213, 0.4582585761289877]}