{"means": [2.908055655551156, 1.3493417441113884, -8.327121859145258, -6.021572731902227, -3.443593673322627, -2.948278836320352, -2.5878137059772426, -2.435633893930805, -7.820401823483177, 6.577082181603751, 5.951129810350145, 6.5302114914970835, -7.196880686116598, 1062568.9262280106, 335273.6899142434, 206113.09784900557, 2769981.0199465016, 1.7966007731863776, 0.11302797708761292, 0.27324786772422116], "stds": [1.2413630286467257, 0.6665497169974347, 5.17472386457635, 3.8789433963122457, 3.5845582872992976, 2.5216841919807167, 2.319641445947642, 1.7752161314933088, 5.353442794642364, 3.799169691721341, 2.6602630105006226, 3.743660991896855, 4.2146625685640755, 4030865.380985842, 2579780.0891979975, 1946652.2626561136, 6858825.944396192, 1.0561219405903173, 0.3166269942493207, 0.44562705316317364]}