{"means": [2.304551388397132, 1.0762638444683892, -10.04852019279004, -7.519368208442314, -2.3798113145599973, -2.2658203239408325, -2.158088751352024, -2.1194251922584515, -7.125561325721154, 4.701584483914707, 5.03144783712895, 4.538623682255304, -8.78761235057893, 826158.5973530632, 57723.03415818795, 45881.311669619514, 4561453.476389563, 1.604926754927269, 0.052340498652983874, 0.39638958229200477], "stds": [0.9128343498070717, 0.343579170317917, 5.647927314861708, 4.425487179281337, 2.025781240729442, 1.4629002309797428, 1.2897062041280898, 0.9747239727151941, 5.076755299844911, 2.4209755338364802, 2.8175670760972618, 2.4120643515077425, 4.733069790224238, 3308735.0364667615, 909066.7314276643, 863519.8797491689, 7644173.7672104025, 0.7429943386181562, 0.22271275411918512, 0.4891470958105643]}