{"means": [2.150452442921786, 1.1446084421268903, -9.212968949322056, -7.180780346179331, -2.638661602911271, -2.4791667535806763, -2.272262710157379, -2.2239398625594045, -6.97019623150231, 4.156711118146246, 4.535145982922803, 4.064290294169079, -8.204976652011288, 2151622.972496349, 395174.1591513862, 271587.479240676, 8226172.355016152, 1.5052918375019184, 0.05789262874075057, 0.5116911740720083], "stds": [1.0931736763612656, 0.4656207673749858, 5.564641867032679, 4.3502254481306695, 2.558851066522326, 1.920966087576552, 1.6732175854656832, 1.3273881070409634, 5.106308860598788, 2.777077129903196, 2.6024273018978277, 2.8070149797518487, 4.614860217846219, 7240047.212065641, 3380228.9146086792, 2910325.4114455087, 14733853.418721518, 0.8210399538246628, 0.233540301199446, 0.4998632977638508]}