{"means": [2.0503596213969177, 1.0866304259225958, -9.527220582268686, -7.181209097887477, -2.4184135547474668, -2.3084340963004233, -2.1520003129989282, -2.125179190259908, -7.764746457173088, 4.1643855199633135, 4.6931006525325065, 4.026228857405438, -8.356294894283563, 1232391.1456985557, 114120.93122990587, 65564.93943929618, 4059492.3716832814, 1.464230258044966, 0.05982009466605854, 0.5259871210853183], "stds": [1.0081901187462736, 0.3598382903738864, 5.551740108806616, 4.248550378315086, 2.1191589171435927, 1.5743675290617059, 1.256579953202303, 1.0169674097637422, 5.2164125463259365, 2.6866470484765075, 2.6679676475580663, 2.7182480497975225, 4.584160366834244, 4014759.886008541, 1339729.0305947002, 1023007.9818187554, 7592737.477679005, 0.7803087230436716, 0.23715322248640858, 0.49932421282973416]}