{"means": [2.193628682838854, 1.0623309482032828, -10.10840411525702, -7.548509886629839, -2.317580224834365, -2.221246534947071, -2.1168387667977364, -2.0873747039587305, -6.833362081612893, 4.3144308949478685, 4.653433098982771, 4.147988158285108, -8.826357917188473, 1131551.4005233187, 88632.20897563486, 59152.50831279844, 6806438.570185444, 1.573026419693642, 0.0402593808605481, 0.48933813155984385], "stds": [0.9139010356100516, 0.30772136065404193, 5.716383309329638, 4.536417240199312, 1.844891013867361, 1.3249992396789592, 1.1037523195466619, 0.8284373186727881, 4.958160768282125, 2.151117426784671, 2.754211278879933, 2.1778491393698607, 4.819116152629197, 5282093.361598253, 1527459.0086061344, 1246759.249061218, 11778619.865473894, 0.7370471731466699, 0.19656694309285613, 0.4998863116480496]}