{"means": [2.0850936126767206, 1.1546313600861433, -9.576419630160068, -7.332755910780997, -2.771936941581395, -2.5548279591578407, -2.321390447382477, -2.2478259916055388, -8.05112234593505, 4.351095366586314, 5.554424263362069, 4.248477343867165, -8.449044358350399, 1750253.9530230279, 290771.1625530914, 175053.01267293948, 8430741.7048522, 1.4508482070666828, 0.0709580875565708, 0.5080091560033994], "stds": [1.1561005555360366, 0.4755772199105769, 5.3188325097592095, 4.453606225659891, 2.812745435206091, 2.1222392877623797, 1.8193382872615351, 1.4478114053222944, 5.456469049956239, 3.3509350179747237, 3.2680445494011576, 3.3443618545525915, 4.5340197159174584, 10261389.654479016, 4660650.707443384, 3540326.1454456435, 22367668.706785157, 0.8270329698254708, 0.25675481955497187, 0.499935849305499]}