{"means": [2.4083299546651764, 1.228129941624703, -9.569632495165791, -6.927081402738376, -3.056371616314942, -2.692347388060987, -2.5286958959759134, -2.3659243453726835, -6.710863030287729, 5.024749913736142, 4.165207678856626, 4.9827838491328, -8.282058422878244, 958413.2963164307, 172880.68995048944, 151968.8589711413, 4580021.494102014, 1.613173446074592, 0.08578526313396832, 0.31282889575632333], "stds": [1.1093192400945675, 0.5791672658347458, 5.387198979169418, 3.844016364479414, 3.1822026723757237, 2.1026743969379753, 2.2633659154438117, 1.509898380544951, 4.8530177808950095, 3.099539884455322, 2.4246793855533895, 3.0786379068595524, 4.304063977744605, 4353499.121590155, 1847999.8538223421, 1736400.7407909243, 9529026.137072979, 0.9251594254290286, 0.28004669567712354, 0.46364531459691793]}