{"means": [2.08039347038437, 1.120612280314089, -9.202472631243253, -7.213577905377922, -2.577269745505385, -2.439223525652822, -2.193505760865335, -2.172319792194164, -7.789637620640819, 4.196654323633004, 4.913887810082451, 4.103970388995282, -8.202263269099252, 1556758.8074451874, 226619.56892010733, 158972.75669562147, 5223700.204602384, 1.5001133444264396, 0.054505067786244546, 0.5603032803899773], "stds": [1.0735663619522924, 0.4181196975927824, 5.482557585317288, 4.341544745882284, 2.461372236639176, 1.8816260110159202, 1.3961167853011962, 1.1972207035634503, 5.326631005572513, 2.745990775993883, 2.739413881534546, 2.77725769047235, 4.563245173180874, 5630199.750182377, 2366151.220622882, 2015429.896660811, 11423694.702453585, 0.8074430058449674, 0.22701159744909896, 0.49635019329692065]}