{"means": [2.172013485633446, 1.0736715433826873, -9.980144433034091, -7.495299947969782, -2.371173855751105, -2.26622735826395, -2.133004679740054, -2.1090229429720035, -7.371525848350191, 4.324626493974815, 4.893700973221027, 4.195951373622455, -8.740766970835704, 1251918.829925964, 138421.17020229448, 95085.38612149683, 5443412.912126918, 1.5353717015950303, 0.04909557577151276, 0.49752766396686343], "stds": [1.0197700837085095, 0.3343618430828747, 5.616621195823374, 4.396335984717172, 2.0145984518951554, 1.4607790168764456, 1.1848739653409994, 0.9383932390468716, 5.018963218021787, 2.5188504779229786, 2.834158470704179, 2.5648495677686856, 4.678937513542279, 4312347.241865248, 1609275.6102227115, 1394348.078049185, 9508633.659966001, 0.7726067239150336, 0.21606758252299438, 0.49999388748985835]}